alpha_1,alpha_2,alpha_3,alpha_4,train_roc,val_roc,test_roc,total_time_BO
0.8269295922577606,0.546239012207936,0.9502429676494046,0.42789855567251833,0.9088375738528186,0.8819721731448762,0.8782720304770313,10.6684889793396
