clf_auc_train,clf_auc_val,clf_auc_test,train,val,test
0.999411497356773,0.910906256495531,0.9036458806547066,31655.0,4532.0,9035.0
