alpha_1,alpha_2,alpha_3,alpha_4,train_roc,val_roc,test_roc,total_time_BO
0.9332244005085306,0.903130871316661,0.3714740686011532,0.6293636439335688,0.9093550358313427,0.8893495922773906,0.895737112866348,16.835122108459473
