alpha_1,alpha_2,alpha_3,alpha_4,train_roc,val_roc,test_roc,total_time_BO
0.40796882414870395,0.5145658217959027,0.6397200353727852,0.4044543625637728,0.9160330241936726,0.8895854558178147,0.8895369985450009,16.346150159835815
