alpha_1,alpha_2,alpha_3,alpha_4,train_roc,val_roc,test_roc,total_time_BO
0.2798064284122084,0.8830601327680254,0.838382388601884,0.5177080289921264,0.9170765357273059,0.8855343262526302,0.8885495479110371,28.425174713134766
