alpha_1,alpha_2,alpha_3,alpha_4,train_roc,val_roc,test_roc,total_time_BO
0.5831682515923272,0.909643360322848,0.9092169763720308,0.500778010749781,0.9151211618551882,0.8827120215266182,0.8841312876740802,16.00813341140747
