alpha_1,alpha_2,alpha_3,alpha_4,train_roc,val_roc,test_roc,total_time_BO
0.7457531572229991,0.7347628374665371,0.43470519391380724,0.9996415906932073,0.9158861243067722,0.8846470774474664,0.8790437279151944,16.586879014968872
