alpha_1,alpha_2,alpha_3,alpha_4,train_roc,val_roc,test_roc,total_time_BO
0.08557111481706892,0.24091298792143284,0.7063290298780143,0.9971645506661015,0.9423696626335888,0.8897599079598324,0.8900077946372895,16.108096837997437
