alpha_1,alpha_2,alpha_3,alpha_4,train_roc,val_roc,test_roc,total_time_BO
0.0032741798185965676,0.5715216249911537,0.24742027428998997,0.20725153021949586,0.9354150553865654,0.8884931667013095,0.8836062338272819,10.333802700042725
