alpha_1,alpha_2,alpha_3,alpha_4,train_roc,val_roc,test_roc,total_time_BO
0.8540335531968292,0.023463624684220065,0.007082191727877791,0.773674872942768,0.9916999534235184,0.9778585020710618,0.9768063013772895,15.731333494186401
