alpha_1,alpha_2,alpha_3,alpha_4,train_roc,val_roc,test_roc,total_time_BO
0.7415222855788752,0.0804895385195662,0.3574712715382645,0.7023966655144686,0.9906650069383689,0.9776365068873218,0.9768830730645331,15.472945928573608
