alpha_1,alpha_2,alpha_3,alpha_4,train_roc,val_roc,test_roc,total_time_BO
0.0012799285838125327,0.05019276748368576,0.07422866519293303,0.45708337999257526,0.9932220061606507,0.9798098487464014,0.9775848806240037,10.055720806121826
