alpha_1,alpha_2,alpha_3,alpha_4,train_roc,val_roc,test_roc,total_time_BO
0.7560500055798979,0.11751292745120956,0.38157585559982743,0.9515242334073372,0.9908079435744683,0.9767308295788903,0.9736647254694397,34.472302198410034
