alpha_1,alpha_2,alpha_3,alpha_4,train_roc,val_roc,test_roc,total_time_BO
0.6702753202807643,0.12410004835883166,0.36408653369911825,0.7813838843574432,0.9893375989710833,0.9760723414309341,0.9760554368264421,16.16981077194214
