alpha_1,alpha_2,alpha_3,alpha_4,train_roc,val_roc,test_roc,total_time_BO
0.03421495751746284,0.1529198970332668,0.31940839595253756,0.714805486111944,0.9903015919187644,0.9782134256472005,0.9783056895294238,10.353383779525757
