alpha_1,alpha_2,alpha_3,alpha_4,train_roc,val_roc,test_roc,total_time_BO
0.015637171659305383,0.13576375640728564,0.0901719572312295,0.9984359278315773,0.9943741059437828,0.9763510061762843,0.9744117558942109,27.67705202102661
