alpha_1,alpha_2,alpha_3,alpha_4,train_roc,val_roc,test_roc,total_time_BO
0.2199454645121146,0.13131339803145448,0.15567762684233444,0.9487942546048792,0.992763322493951,0.9754537493748223,0.9721242092783711,16.31077742576599
