alpha_1,alpha_2,alpha_3,alpha_4,train_roc,val_roc,test_roc,total_time_BO
0.22947896067993695,0.08970228146752102,0.003274933600308354,0.03995553792726969,0.9896868503033575,0.978795722508542,0.9761083121000025,27.25276494026184
