clf_auc_train,clf_auc_val,clf_auc_test,train,val,test
1.0,0.9999055957600991,0.9999429339374727,35000.0,9990.0,5010.0
