alpha_1,alpha_2,alpha_3,alpha_4,train_roc,val_roc,test_roc,total_time_BO
0.28177059776618407,0.20303702170133442,0.056015396302799336,0.7912219606806292,0.9913283651466603,0.9778808366777831,0.977945571816213,15.890109777450562
