alpha_1,alpha_2,alpha_3,alpha_4,train_roc,val_roc,test_roc,total_time_BO
0.16142179829122028,0.005552498518230753,0.007275542016379304,0.4629235299678279,0.9965921103787032,0.9769513387908126,0.9731365968938944,15.620537281036377
