alpha_1,alpha_2,alpha_3,alpha_4,train_roc,val_roc,test_roc,total_time_BO
0.5465020300288792,0.004029608767978088,0.30348406627136515,0.6471952645504507,0.9130948788107727,0.8724767442461963,0.8732980409478279,16.600162506103516
