alpha_1,alpha_2,alpha_3,alpha_4,train_roc,val_roc,test_roc,total_time_BO
0.4989248311851214,0.1150685539670734,0.5740511690380721,0.0282580687119523,0.9016369088412178,0.8789140316025975,0.8822200426106839,10.954065561294556
