alpha_1,alpha_2,alpha_3,alpha_4,train_roc,val_roc,test_roc,total_time_BO
0.961965474322841,0.005414682283623708,0.5784000932031573,0.9142732641943537,0.9090605204994958,0.8721171626023947,0.8744459311993349,17.538814067840576
