alpha_1,alpha_2,alpha_3,alpha_4,train_roc,val_roc,test_roc,total_time_BO
0.7089528169470185,0.3397518899809918,0.331788414284924,0.14139578264199373,0.898649242224585,0.8826653762211598,0.874318588805856,11.711403131484985
