alpha_1,alpha_2,alpha_3,alpha_4,train_roc,val_roc,test_roc,total_time_BO
0.2512567418863766,0.0003388629291290468,0.07975923932476457,0.2937803197669834,0.9148403876458324,0.8701683786475618,0.8717107929744335,31.544406175613403
