alpha_1,alpha_2,alpha_3,alpha_4,train_roc,val_roc,test_roc,total_time_BO
0.7648484431391602,0.006091262057180802,0.3739199805329014,0.5036976744223859,0.8987608281294939,0.8732343062375544,0.8722056225316983,63.67989778518677
