clf_auc_train,clf_auc_val,clf_auc_test,train,val,test
0.9991831017426102,0.9024356582963682,0.9159657555601745,31655.0,9035.0,4532.0
