alpha_1,alpha_2,alpha_3,alpha_4,train_roc,val_roc,test_roc,total_time_BO
0.1046418124741996,0.9596632315343957,0.10455150980556348,0.23659726863801095,0.9113344542042339,0.885029572307412,0.8866186863437955,18.048812866210938
