alpha_1,alpha_2,alpha_3,alpha_4,train_roc,val_roc,test_roc,total_time_BO
0.6042880715196464,0.2870523309705088,0.17312798414258154,0.6999089250403278,0.9214492703676821,0.8831835496504525,0.8827178601122428,16.501301765441895
