alpha_1,alpha_2,alpha_3,alpha_4,train_roc,val_roc,test_roc,total_time_BO
0.139620453500762,0.5002142745625122,0.09166942557820557,0.5045654580903597,0.9376983604014043,0.8776996311469594,0.8870168623986697,16.25947856903076
