alpha_1,alpha_2,alpha_3,alpha_4,train_roc,val_roc,test_roc,total_time_BO
0.2636307105684411,0.7657863850551619,0.378590599085606,0.6328252038975638,0.9160504376286787,0.8885144720432342,0.8794815233263171,10.333030462265015
