alpha_1,alpha_2,alpha_3,alpha_4,train_roc,val_roc,test_roc,total_time_BO
0.8116505643214318,0.2709752518708679,0.001101278157059695,0.33801546020111123,0.8990797341082941,0.9998346693386774,0.9783416583416584,12.422831535339355
