alpha_1,alpha_2,alpha_3,alpha_4,train_roc,val_roc,test_roc,total_time_BO
0.7105018469019917,0.881063548523459,0.762184689751962,0.554081409161483,0.9530102589332897,1.0000000000000002,0.7962237762237763,10.085557699203491
