alpha_1,alpha_2,alpha_3,alpha_4,train_roc,val_roc,test_roc,total_time_BO
0.6069730149105622,0.702832667425931,0.47815032924037604,0.22309246019972395,0.9523566832606776,1.0,0.7978821178821179,9.677114486694336
