alpha_1,alpha_2,alpha_3,alpha_4,train_roc,val_roc,test_roc,total_time_BO
0.36817244224934187,0.640402239581805,0.7916740913663263,0.5660042405981014,0.9996693386773547,0.9916483516483516,0.9999599198396794,7.125449895858765
