alpha_1,alpha_2,alpha_3,alpha_4,train_roc,val_roc,test_roc,total_time_BO
0.17784350868803211,0.9522188145702786,0.855317501977204,0.858044595158028,0.99999498997996,1.0000000000000002,0.8957642357642357,7.190368175506592
