alpha_1,alpha_2,alpha_3,alpha_4,train_roc,val_roc,test_roc,total_time_BO
0.15779441372846115,0.8638791914333582,0.9662287206371298,0.7970778643733403,1.0,0.8993806193806194,1.0,6.117873907089233
