alpha_1,alpha_2,alpha_3,alpha_4,train_roc,val_roc,test_roc,total_time_BO
0.3554562079540735,0.6273485900267286,3.8018426217459236e-05,0.3947779617546597,0.8310903208591821,0.9998446893787575,0.8934265734265735,12.850648641586304
