alpha_1,alpha_2,alpha_3,alpha_4,train_roc,val_roc,test_roc,total_time_BO
0.7049782563406708,0.20309115024325072,0.0008550332740669569,0.2713337777241625,0.8647449388655042,0.9998496993987976,0.8795404595404596,13.5721275806427
