alpha_1,alpha_2,alpha_3,alpha_4,train_roc,val_roc,test_roc,total_time_BO
0.24903656744888336,0.18486730340560917,0.0007432980068593409,0.40994148553986537,0.7750815427312522,0.999874749498998,0.8936863136863138,27.136443614959717
