alpha_1,alpha_2,alpha_3,alpha_4,train_roc,val_roc,test_roc,total_time_BO
0.627841080772165,0.8278643102820054,0.6318391982461808,0.4729836482420762,0.9490030060120239,1.0000000000000002,0.7939860139860141,10.043720245361328
