clf_auc_train,clf_auc_val,clf_auc_test,train,val,test
1.0,0.9999599198396794,0.8855944055944057,35000.0,9990.0,5010.0
