alpha_1,alpha_2,alpha_3,alpha_4,train_roc,val_roc,test_roc,total_time_BO
0.42473028841990945,0.6256191017440791,0.0009241880662286817,0.12599743286279372,0.8864564564564565,0.9998496993987975,0.7789010989010989,13.859809637069702
