alpha_1,alpha_2,alpha_3,alpha_4,train_roc,val_roc,test_roc,total_time_BO
0.5079997585548349,0.3937008689014001,0.40801364359018066,0.987270621782204,0.9507274800891395,1.0,0.8965634365634366,6.481707811355591
