alpha_1,alpha_2,alpha_3,alpha_4,train_roc,val_roc,test_roc,total_time_BO
0.40556342783186083,0.9387714683552101,0.8348161861035084,0.5651669089436648,0.9223602037205599,0.88491122604342,0.8877945073789233,59.629433393478394
