clf_auc_train,clf_auc_val,clf_auc_test,train,val,test
0.9992822119305679,0.9038547523601937,0.9080547183537727,31655.0,9035.0,4532.0
