alpha_1,alpha_2,alpha_3,alpha_4,generated_data_size,train_roc,val_roc,test_roc,total_time_BO
0.11340663289799785,0.32002650071222305,0.41966985208955837,0.14689701430022067,10000.0,0.9138851557889254,0.887382404798737,0.8880209415921846,6179.712055683136
