alpha_1,alpha_2,alpha_3,alpha_4,train_roc,val_roc,test_roc,total_time_BO
0.059590806456709375,0.9605045554817501,0.570916320205523,0.3424989777054286,0.9247471302179822,0.8861074882512567,0.884853850550821,55.576940059661865
