alpha_1,alpha_2,alpha_3,alpha_4,generated_data_size,train_roc,val_roc,test_roc,total_time_BO
0.05587027531054475,0.39176781376210396,0.31226856891817917,0.2400933420091721,10000.0,0.9226945014560907,0.8893184555046564,0.8939974797339431,256.6684019565582
