alpha_1,alpha_2,alpha_3,alpha_4,generated_data_size,train_roc,val_roc,test_roc,total_time_BO
0.25685968928238767,0.00021193342947011334,0.0796019089410637,0.6633264683470785,10000.0,0.9925731256684587,0.9815660693014928,0.9802663772466195,247.74031829833984
