alpha_1,alpha_2,alpha_3,alpha_4,train_roc,val_roc,test_roc,total_time_BO
0.40550524685772515,0.24459279937536405,0.25759324282399454,0.9134955637612979,0.9934983052573736,0.9815084991509022,0.9808281212996224,54.70319652557373
