alpha_1,alpha_2,alpha_3,alpha_4,train_roc,val_roc,test_roc,total_time_BO
0.7820751179323372,0.23626882246271014,0.16547001529087668,0.41333176716922937,0.990536979342943,0.9782483895555274,0.9759132174987373,53.6751492023468
