alpha_1,alpha_2,alpha_3,alpha_4,generated_data_size,train_roc,val_roc,test_roc,total_time_BO
0.5547050875846297,0.050732182508218884,0.0006482628817568743,0.39391446702539457,10000.0,0.992150194393236,0.9805378893769632,0.9785466379529262,6587.162567615509
