clf_auc_train,clf_auc_val,clf_auc_test,train,val,test
1.0,0.9999333564154289,0.9999613020763487,35000.0,9990.0,5010.0
