alpha_1,alpha_2,alpha_3,alpha_4,generated_data_size,train_roc,val_roc,test_roc,total_time_BO
0.05806325292763985,0.28848172402982153,0.09202593384257356,0.5614290891999653,10000.0,0.9487187823468624,0.8819918966134465,0.8833451985034297,6249.550673961639
