alpha_1,alpha_2,alpha_3,alpha_4,generated_data_size,train_roc,val_roc,test_roc,total_time_BO
0.3226285391080853,0.24969580546393763,0.07879085366461974,0.3488848017633574,10000.0,0.9136662003039451,0.8847746420531197,0.8863115776345873,254.65047144889832
