clf_auc_train,clf_auc_val,clf_auc_test,train,val,test
0.9990611637491285,0.9033838874264074,0.9166457077530659,31655.0,9035.0,4532.0
