alpha_1,alpha_2,alpha_3,alpha_4,generated_data_size,train_roc,val_roc,test_roc,total_time_BO
0.23954361090114865,0.3562565276652844,0.0988231181784767,0.30537674325509023,10000.0,0.9260693333333333,0.8813871004495498,0.8863031334441905,239.2844979763031
