alpha_1,alpha_2,alpha_3,alpha_4,train_roc,val_roc,test_roc,total_time_BO
0.04228309677304369,0.7149148440881272,0.1144425444960227,0.8092886380802441,0.9387306884038422,0.886373427460339,0.8862729941800042,55.1860511302948
