alpha_1,alpha_2,alpha_3,alpha_4,train_roc,val_roc,test_roc,total_time_BO
0.7695632236998934,0.11764862937853297,0.04530071199592095,0.6868426514604378,0.9024912038755989,0.999939879759519,0.9832767232767232,39.079798460006714
