alpha_1,alpha_2,alpha_3,alpha_4,generated_data_size,train_roc,val_roc,test_roc,total_time_BO
0.45122816155168527,0.4056168110594526,0.003261943294554851,0.13989308409430706,10000.0,0.9983080315292047,1.0,0.8914085914085914,207.47436833381653
