alpha_1,alpha_2,alpha_3,alpha_4,generated_data_size,train_roc,val_roc,test_roc,total_time_BO
0.9940467313691921,0.0019844228769359557,0.0019844228769359557,0.0019844228769359557,10000.0,0.9993908064691197,0.9998196392785571,0.84993006993007,11.18966007232666
