alpha_1,alpha_2,alpha_3,alpha_4,train_roc,val_roc,test_roc,total_time_BO
0.34236921794051123,0.8917748051260782,0.43350497568927915,0.35263683553903197,0.9231581563702946,0.8858715915513301,0.88542480773228,10.428261995315552
