alpha_1,alpha_2,alpha_3,alpha_4,train_roc,val_roc,test_roc,total_time_BO
0.7345204028873287,0.5853399082217828,0.3403290287109522,0.46667623799723834,0.8999438924956424,0.8809136490745779,0.8876147110787778,10.735114574432373
