alpha_1,alpha_2,alpha_3,alpha_4,train_roc,val_roc,test_roc,total_time_BO
0.2841304435608125,0.5206625856680756,0.022042146532882247,0.34379460361160946,0.8952204298987274,0.8833940130120541,0.8861493192683434,30.30572247505188
