data,untuned:class0,untuned:class1,tuned:class0,tuned:class1
adult,0.7847299999999999,0.21527,0.77412,0.22588
balanced_credit_card,0.70188,0.29812,0.7293000000000001,0.2707
encoded_adult,0.76257,0.23742999999999997,0.7623599999999999,0.23764
unbalanced_credit_card,0.9964700000000001,0.0035299999999999997,0.9964700000000001,0.0035299999999999997
